objectid,muni_id,municipal
253,1,Abington
230,2,Acton
149,3,Acushnet
24,4,Adams
142,5,Agawam
84,6,Alford
17,7,Amesbury
11,8,Amherst
293,9,Andover
308,104,Aquinnah
207,10,Arlington
161,11,Ashburnham
54,12,Ashby
280,13,Ashfield
283,14,Ashland
132,15,Athol
185,16,Attleboro
191,17,Auburn
47,18,Avon
323,19,Ayer
107,20,Barnstable
49,21,Barre
154,22,Becket
89,23,Bedford
180,24,Belchertown
205,25,Bellingham
117,26,Belmont
26,27,Berkley
348,28,Berlin
188,29,Bernardston
300,30,Beverly
269,31,Billerica
310,32,Blackstone
92,33,Blandford
50,34,Bolton
340,35,Boston
7,36,Bourne
251,37,Boxborough
248,38,Boxford
1,39,Boylston
175,40,Braintree
36,41,Brewster
337,42,Bridgewater
129,43,Brimfield
80,44,Brockton
264,45,Brookfield
268,46,Brookline
275,47,Buckland
151,48,Burlington
346,49,Cambridge
339,50,Canton
112,51,Carlisle
218,52,Carver
224,53,Charlemont
66,54,Charlton
290,55,Chatham
263,56,Chelmsford
131,57,Chelsea
133,58,Cheshire
335,59,Chester
254,60,Chesterfield
201,61,Chicopee
75,62,Chilmark
32,63,Clarksburg
183,64,Clinton
200,65,Cohasset
168,66,Colrain
59,67,Concord
108,68,Conway
203,69,Cummington
9,70,Dalton
22,71,Danvers
202,72,Dartmouth
228,73,Dedham
137,74,Deerfield
78,75,Dennis
130,76,Dighton
74,77,Douglas
342,78,Dover
43,79,Dracut
298,80,Dudley
51,81,Dunstable
127,82,Duxbury
239,83,East Bridgewater
294,84,East Brookfield
276,85,East Longmeadow
56,86,Eastham
328,87,Easthampton
79,88,Easton
37,89,Edgartown
136,90,Egremont
317,91,Erving
4,92,Essex
212,93,Everett
145,94,Fairhaven
165,95,Fall River
13,96,Falmouth
125,97,Fitchburg
181,98,Florida
77,99,Foxborough
222,100,Framingham
196,101,Franklin
179,102,Freetown
312,103,Gardner
217,105,Georgetown
258,106,Gill
334,107,Gloucester
147,108,Goshen
118,109,Gosnold
309,110,Grafton
213,111,Granby
103,112,Granville
155,113,Great Barrington
332,114,Greenfield
162,115,Groton
69,116,Groveland
194,117,Hadley
197,118,Halifax
204,119,Hamilton
30,120,Hampden
18,121,Hancock
193,122,Hanover
286,123,Hanson
209,124,Hardwick
271,125,Harvard
38,126,Harwich
277,127,Hatfield
303,128,Haverhill
153,129,Hawley
96,130,Heath
234,131,Hingham
265,132,Hinsdale
90,133,Holbrook
278,134,Holden
345,135,Holland
331,136,Holliston
291,137,Holyoke
252,138,Hopedale
324,139,Hopkinton
14,140,Hubbardston
343,141,Hudson
52,142,Hull
297,143,Huntington
199,144,Ipswich
170,145,Kingston
240,146,Lakeville
97,147,Lancaster
114,148,Lanesborough
210,149,Lawrence
214,150,Lee
244,151,Leicester
152,152,Lenox
46,153,Leominster
259,154,Leverett
113,155,Lexington
296,156,Leyden
238,157,Lincoln
94,158,Littleton
102,159,Longmeadow
333,160,Lowell
55,161,Ludlow
68,162,Lunenburg
336,163,Lynn
341,164,Lynnfield
172,165,Malden
57,166,Manchester
187,167,Mansfield
101,168,Marblehead
150,169,Marion
34,170,Marlborough
15,171,Marshfield
316,172,Mashpee
302,173,Mattapoisett
122,174,Maynard
143,175,Medfield
58,176,Medford
287,177,Medway
219,178,Melrose
126,179,Mendon
326,180,Merrimac
279,181,Methuen
20,182,Middleborough
157,183,Middlefield
250,184,Middleton
99,185,Milford
70,186,Millbury
167,187,Millis
61,188,Millville
166,189,Milton
284,190,Monroe
315,191,Monson
171,192,Montague
318,193,Monterey
292,194,Montgomery
53,195,Mount Washington
98,196,Nahant
8,197,Nantucket
242,198,Natick
138,199,Needham
262,200,New Ashford
100,201,New Bedford
227,202,New Braintree
91,203,New Marlborough
289,204,New Salem
40,205,Newbury
3,206,Newburyport
198,207,Newton
177,208,Norfolk
41,209,North Adams
329,210,North Andover
85,211,North Attleborough
65,212,North Brookfield
249,213,North Reading
173,214,Northampton
148,215,Northborough
327,216,Northbridge
25,217,Northfield
29,218,Norton
35,219,Norwell
192,220,Norwood
87,221,Oak Bluffs
285,222,Oakham
211,223,Orange
322,224,Orleans
23,225,Otis
5,226,Oxford
237,227,Palmer
33,228,Paxton
141,229,Peabody
232,230,Pelham
351,231,Pembroke
220,232,Pepperell
119,233,Peru
139,234,Petersham
260,235,Phillipston
6,236,Pittsfield
115,237,Plainfield
2,238,Plainville
48,239,Plymouth
169,240,Plympton
229,241,Princeton
245,242,Provincetown
12,243,Quincy
120,244,Randolph
313,245,Raynham
140,246,Reading
81,247,Rehoboth
44,248,Revere
226,249,Richmond
270,250,Rochester
72,251,Rockland
88,252,Rockport
156,253,Rowe
272,254,Rowley
67,255,Royalston
325,256,Russell
301,257,Rutland
176,258,Salem
106,259,Salisbury
123,260,Sandisfield
16,261,Sandwich
19,262,Saugus
206,263,Savoy
174,264,Scituate
235,265,Seekonk
190,266,Sharon
121,267,Sheffield
307,268,Shelburne
163,269,Sherborn
274,270,Shirley
266,271,Shrewsbury
195,272,Shutesbury
39,273,Somerset
134,274,Somerville
86,275,South Hadley
311,276,Southampton
128,277,Southborough
105,278,Southbridge
83,279,Southwick
257,280,Spencer
282,281,Springfield
215,282,Sterling
321,283,Stockbridge
28,284,Stoneham
186,285,Stoughton
184,286,Stow
116,287,Sturbridge
304,288,Sudbury
330,289,Sunderland
208,290,Sutton
144,291,Swampscott
281,292,Swansea
63,293,Taunton
236,294,Templeton
124,295,Tewksbury
71,296,Tisbury
338,297,Tolland
350,298,Topsfield
320,299,Townsend
158,300,Truro
27,301,Tyngsborough
73,302,Tyringham
267,303,Upton
42,304,Uxbridge
233,305,Wakefield
349,306,Wales
347,307,Walpole
261,308,Waltham
135,309,Ware
64,310,Wareham
223,311,Warren
164,312,Warwick
273,313,Washington
241,314,Watertown
146,315,Wayland
104,316,Webster
111,317,Wellesley
160,318,Wellfleet
246,319,Wendell
109,320,Wenham
256,321,West Boylston
110,322,West Bridgewater
288,323,West Brookfield
299,324,West Newbury
225,325,West Springfield
21,326,West Stockbridge
319,327,West Tisbury
93,328,Westborough
178,329,Westfield
247,330,Westford
255,331,Westhampton
189,332,Westminster
314,333,Weston
95,334,Westport
344,335,Westwood
231,336,Weymouth
305,337,Whately
31,338,Whitman
216,339,Wilbraham
243,340,Williamsburg
306,341,Williamstown
82,342,Wilmington
159,343,Winchendon
60,344,Winchester
62,345,Windsor
295,346,Winthrop
221,347,Woburn
10,348,Worcester
182,349,Worthington
45,350,Wrentham
76,351,Yarmouth